timestamp,cid,num_examples,loss,acc,macro_f1
1768704405,0,1000,1.6359854431152343,0.697,0.6734357493229663
1768704405,1,1000,0.7493093099594116,0.854,0.6929872303248747
1768704405,2,1000,0.28080950236320495,0.942,0.8847937796614604
1768704405,3,1000,0.03837729939975543,0.995,0.7906826195078273
1768704405,4,1000,0.0719144352115536,0.987,0.7835018191585476
1768704405,5,1000,0.6841653137207031,0.853,0.7942743285086382
1768704405,6,1000,0.0748817460462451,0.98,0.9502329871354052
1768704405,7,1000,0.09859961791336537,0.976,0.9710458580083294
1768704405,8,1000,0.16194035613071173,0.973,0.7839206928289743
1768704405,9,1000,0.027692189056426286,0.99,0.9721576805314425
